<graphiclist>
	<book ndid="C-12-130-0D0/MF-001">
		<figure figNo="1-1-4" totalSheets="1">
			<title> Temperature Conversion</title>
			<sheet sheetNo="1" bilBoardno="G05500BA">faagjrf</sheet>
		</figure>
		<figure figNo="7-1-6" totalSheets="1">
			<title> Ice Detection System Schematic</title>
			<sheet sheetNo="1" engBoardno="G05611EA" freBoardno="G05612FA">saaapgx</sheet>
		</figure>
		<figure figNo="7-1-5" totalSheets="1">
			<title> Ice Detection Component Locations</title>
			<sheet sheetNo="1" bilBoardno="G05610BA">faaapgy</sheet>
		</figure>
		<figure figNo="3-1-3" totalSheets="1">
			<title> Engine Starting System Circuit Schematic</title>
			<sheet sheetNo="1" engBoardno="G05512EA" freBoardno="G05513FA">saaakyf</sheet>
		</figure>
		<figure figNo="5-1-4" totalSheets="2">
			<title> Fuel Pump Operation</title>
			<sheet sheetNo="2" engBoardno="g05563ea" freBoardno="g05565fa">faagack</sheet>
			<sheet sheetNo="1" engBoardno="g05562ea" freBoardno="g05564fa">faagacj</sheet>
		</figure>
		<figure figNo="7-1-4" totalSheets="1">
			<title> Engine Inlet Air Duct and Vane Anti-icing Electrical Schematic</title>
			<sheet sheetNo="1" engBoardno="G05608EA" freBoardno="G05609FA">saagabw</sheet>
		</figure>
		<figure figNo="3-1-2" totalSheets="1">
			<title> Ground Start Interlock Relays</title>
			<sheet sheetNo="1" bilBoardno="G05511BA">faaakye</sheet>
		</figure>
		<figure figNo="5-1-3" totalSheets="1">
			<title> Engine Fuel System Electrical Schematic</title>
			<sheet sheetNo="1" engBoardno="G05560EA" freBoardno="G05561FA">saagacb</sheet>
		</figure>
		<figure figNo="7-1-3" totalSheets="2">
			<title> Engine Inlet Air Duct and Vane Anti-icing System Component Locations</title>
			<sheet sheetNo="2" bilBoardno="G05607BA">faagabx</sheet>
			<sheet sheetNo="1" bilBoardno="G05606BA">faagabu</sheet>
		</figure>
		<figure figNo="3-1-1" totalSheets="1">
			<title> Engine Starting System Component Locations</title>
			<sheet sheetNo="1" bilBoardno="G05510BA">faaakyd</sheet>
		</figure>
		<figure figNo="5-1-2" totalSheets="1">
			<title> Engine Fuel Flow Schematic</title>
			<sheet sheetNo="1" engBoardno="G05558EA" freBoardno="G05559FA">faagaca</sheet>
		</figure>
		<figure figNo="7-1-2" totalSheets="1">
			<title> Nacelle Preheat System Electrical Schematic</title>
			<sheet sheetNo="1" bilBoardno="G05605BA">saaapgv</sheet>
		</figure>
		<figure figNo="5-1-1" totalSheets="2">
			<title> Engine Fuel System Component Locations</title>
			<sheet sheetNo="2" bilBoardno="G05557BA">faaaobs</sheet>
			<sheet sheetNo="1" bilBoardno="G05556BA">faaalyp</sheet>
		</figure>
		<figure figNo="4-5-4" totalSheets="1">
			<title> Engine Control Quadrant Switch Adjustments</title>
			<sheet sheetNo="1" bilBoardno="G05555BA">faaamyb</sheet>
		</figure>
		<figure figNo="7-1-1" totalSheets="3">
			<title> Nacelle Air Induction and Preheat System Component Locations</title>
			<sheet sheetNo="3" bilBoardno="G05604BA">faagabv</sheet>
			<sheet sheetNo="2" bilBoardno="G05603BA">faaapgu</sheet>
			<sheet sheetNo="1" bilBoardno="G05602BA">faaapgt</sheet>
		</figure>
		<figure figNo="4-5-3" totalSheets="4">
			<title> Coordinator to Fuel Control Rigging</title>
			<sheet sheetNo="4" bilBoardno="g05552ba">faaamxy</sheet>
		</figure>
		<figure figNo="4-5-2" totalSheets="4">
			<title> Engine Condition Control System Rigging</title>
			<sheet sheetNo="1" bilBoardno="g05547ba">faabzpq</sheet>
			<sheet sheetNo="4" bilBoardno="g05550ba">faaamya</sheet>
			<sheet sheetNo="3" bilBoardno="g05549ba">faabzpr</sheet>
			<sheet sheetNo="2" bilBoardno="g05548ba">faabxiv</sheet>
		</figure>
		<figure figNo="4-5-1" totalSheets="5">
			<title> Engine Throttle Control System Rigging</title>
			<sheet sheetNo="1" bilBoardno="G05537BA">faabyrw</sheet>
			<sheet sheetNo="5" bilBoardno="g05541ba">faabzep</sheet>
			<sheet sheetNo="14" bilBoardno="g05540ba">faabyrz</sheet>
			<sheet sheetNo="2" bilBoardno="g05538ba">faabyrx</sheet>
			<sheet sheetNo="13" bilBoardno="g05539ba">faabyry</sheet>
		</figure>
		<figure figNo="6-5-1" totalSheets="1">
			<title> Reduction Gear Oil Filter Assembly</title>
			<sheet sheetNo="1" bilBoardno="G05600BA">faaaodz</sheet>
		</figure>
		<figure figNo="3-2-1" totalSheets="1">
			<title> Starter Control Valve Pressure Sensing Hose</title>
			<sheet sheetNo="1" bilBoardno="G05514BA">faaakzk</sheet>
		</figure>
		<figure figNo="5-2-2" totalSheets="2">
			<title> Thermocouple Harness Assembly and Resistance Test Correction Factor Chart</title>
			<sheet sheetNo="2" bilBoardno="G05567BA">faaannh</sheet>
			<sheet sheetNo="1" bilBoardno="G05566BA">faaanng</sheet>
		</figure>
		<figure figNo="5-5-10" totalSheets="1">
			<title> Fuel Heater and Strainer Adaptor Plate</title>
			<sheet sheetNo="1" bilBoardno="G05581BA">faaanlj</sheet>
		</figure>
		<figure figNo="5-4-5" totalSheets="1">
			<title> Fuel Heater and Strainer Lock-ring Wrench</title>
			<sheet sheetNo="1" engBoardno="G05572EA" freBoardno="G05573FA">faaanks</sheet>
		</figure>
		<figure figNo="5-4-4" totalSheets="1">
			<title> Fuel Heater and Strainer</title>
			<sheet sheetNo="1" bilBoardno="G05571BA">faaanlc</sheet>
		</figure>
		<figure figNo="5-4-3" totalSheets="1">
			<title> Turbine Inlet Thermocouple</title>
			<sheet sheetNo="1" bilBoardno="G05570BA">faaalys</sheet>
		</figure>
		<figure figNo="5-4-2" totalSheets="1">
			<title> Paralleling Valve and Seat</title>
			<sheet sheetNo="1" bilBoardno="G05569BA">faaanlb</sheet>
		</figure>
		<figure figNo="6-1-5" totalSheets="2">
			<title> Oil Cooler and Oil Cooler Valve</title>
			<sheet sheetNo="2" engBoardno="g05592ea" freBoardno="g05594fa">faaambh</sheet>
			<sheet sheetNo="1" engBoardno="g05591ea" freBoardno="g05593fa">faaamaq</sheet>
		</figure>
		<figure figNo="5-5-8" totalSheets="1">
			<title> Fuel Control Governing Adjustments</title>
			<sheet sheetNo="1" bilBoardno="G05580BA">faaanlh</sheet>
		</figure>
		<figure figNo="6-1-4" totalSheets="1">
			<title> Reduction Gear Assembly Oil System Schematic</title>
			<sheet sheetNo="1" engBoardno="G05589EA" freBoardno="G05590FA">saaambx</sheet>
		</figure>
		<figure figNo="4-1-1" totalSheets="1">
			<title> Engine Control Components</title>
			<sheet sheetNo="1" engBoardno="g05517ea" freBoardno="g05518fa">faaalfi</sheet>
		</figure>
		<figure figNo="6-1-2" totalSheets="1">
			<title> Engine Oil System Schematic</title>
			<sheet sheetNo="1" engBoardno="G05586EA" freBoardno="G05587FA">saagaby</sheet>
		</figure>
		<figure figNo="5-5-5" totalSheets="1">
			<title> Temperature Datum Component Test Harness Schematic</title>
			<sheet sheetNo="1" engBoardno="G05576EA" freBoardno="G05577FA">saagpsf</sheet>
		</figure>
		<figure figNo="6-1-1" totalSheets="5">
			<title> Engine Oil System Component Locations</title>
			<sheet sheetNo="1" bilBoardno="g05582ba">faagpsh</sheet>
			<sheet sheetNo="4" bilBoardno="G05585BA">faagpsk</sheet>
			<sheet sheetNo="3" bilBoardno="g05584ba">faagpsj</sheet>
			<sheet sheetNo="2" bilBoardno="g05583ba">faagpsi</sheet>
		</figure>
		<figure figNo="5-5-4" totalSheets="1">
			<title> Desensitized Minimum Flow Stop Fuel Control Adjustment</title>
			<sheet sheetNo="1" bilBoardno="G05578BA">faaanlf</sheet>
		</figure>
		<figure figNo="3-5-2" totalSheets="1">
			<title> Starter Pressure Sensing Hose Location</title>
			<sheet sheetNo="1" bilBoardno="G05516BA">faaaldz</sheet>
		</figure>
		<figure figNo="5-5-3" totalSheets="1">
			<title> Temperature Datum Component Test Harness Schematic</title>
			<sheet sheetNo="1" engBoardno="G05560EA" freBoardno="G05561FA">saaanln</sheet>
		</figure>
		<figure figNo="3-5-1" totalSheets="1">
			<title> Bendix/Parker Hannifin Control Valve Pressure Rise Rate Adjustment</title>
			<sheet sheetNo="1" bilBoardno="G05515BA">faaalea</sheet>
		</figure>
		<figure figNo="5-5-2" totalSheets="1">
			<title> Temperature Datum Test Set Hook-up</title>
			<sheet sheetNo="1" bilBoardno="G05575BA">faaanle</sheet>
		</figure>
		<figure figNo="5-5-1" totalSheets="1">
			<title> Temperature Datum System Component Locations</title>
			<sheet sheetNo="1" bilBoardno="G05574BA">faaanld</sheet>
		</figure>
		<figure figNo="6-2-1" totalSheets="2">
			<title> Plaque de recouvrement d'essai de fuite d'huile stsique</title>
			<sheet sheetNo="2" bilBoardno="G05596BA">faaanqh</sheet>
			<sheet sheetNo="1" bilBoardno="G05595BA">faaanqg</sheet>
		</figure>
		<figure figNo="2-5" totalSheets="2">
			<title> Torquemeter Assembly</title>
			<sheet sheetNo="2" bilBoardno="G05509BA">faaaldq</sheet>
			<sheet sheetNo="1" bilBoardno="G05508BA">faaaldp</sheet>
		</figure>
		<figure figNo="2-4" totalSheets="2">
			<title> Engine Accessory Locations</title>
			<sheet sheetNo="2" bilBoardno="G05507BA">faaaldl</sheet>
			<sheet sheetNo="1" bilBoardno="G05506BA">faaaldk</sheet>
		</figure>
		<figure figNo="2-3" totalSheets="1">
			<title> Safety Coupling</title>
			<sheet sheetNo="1" engBoardno="G05504EA" freBoardno="G05505FA">faaaldj</sheet>
		</figure>
		<figure figNo="2-2" totalSheets="1">
			<title> Negative Torque Signal System</title>
			<sheet sheetNo="1" bilBoardno="G05503BA">faaaldi</sheet>
		</figure>
		<figure figNo="4-4-5" totalSheets="1">
			<title> Cable Tension Regulator Compressing Tool</title>
			<sheet sheetNo="1" bilBoardno="G05536BA">faafchh</sheet>
		</figure>
		<figure figNo="2-1" totalSheets="1">
			<title> Engine and Components</title>
			<sheet sheetNo="1" bilBoardno="G05501BA">faaaldh</sheet>
		</figure>
		<figure figNo="4-4-4" totalSheets="9">
			<title> Engine Condition Cables Removal and Installation</title>
			<sheet sheetNo="5" bilBoardno="G05531BA">faafbwe</sheet>
			<sheet sheetNo="4" bilBoardno="G05530BA">faafbwd</sheet>
			<sheet sheetNo="3" bilBoardno="G05529BA">faafbwc</sheet>
			<sheet sheetNo="2" bilBoardno="G05528BA">faafbwb</sheet>
			<sheet sheetNo="1" bilBoardno="G05527BA">faafbwa</sheet>
			<sheet sheetNo="9" bilBoardno="G05535BA">faafbwi</sheet>
			<sheet sheetNo="8" bilBoardno="G05534BA">faafbwh</sheet>
			<sheet sheetNo="7" bilBoardno="G05533BA">faafbwg</sheet>
			<sheet sheetNo="6" bilBoardno="G05532BA">faafbwf</sheet>
		</figure>
		<figure figNo="4-4-3" totalSheets="1">
			<title> Loosening of the Engine Control Cables</title>
			<sheet sheetNo="1" bilBoardno="G05526BA">faaamgl</sheet>
		</figure>
		<figure figNo="6-4-4" totalSheets="1">
			<title> Magnetic Drain Plug Accumulation</title>
			<sheet sheetNo="1" bilBoardno="G05599BA">faaanql</sheet>
		</figure>
		<figure figNo="4-4-2" totalSheets="4">
			<title> Centre and Outer Wing Leading Edge Fairleads and Fire Seal Assemblies</title>
			<sheet sheetNo="1" bilBoardno="G05522BA">faaamgn</sheet>
			<sheet sheetNo="4" bilBoardno="G05525BA">faaamgp</sheet>
			<sheet sheetNo="3" bilBoardno="G05524BA">faaamgo</sheet>
			<sheet sheetNo="2" bilBoardno="G05523BA">faaamgm</sheet>
		</figure>
		<figure figNo="6-4-3" totalSheets="1">
			<title> Reduction Gear Assembly Oil Screen Removal and Installation Wrenches</title>
			<sheet sheetNo="1" bilBoardno="G05598BA">faaanqi</sheet>
		</figure>
		<figure figNo="4-4-1" totalSheets="2">
			<title> Engine Throttle Control Ring and Yoke Assembly Removal and Installation</title>
			<sheet sheetNo="1" bilBoardno="g05519ba">faaalhb</sheet>
			<sheet sheetNo="4" bilBoardno="G05521BA">faaaluc</sheet>
		</figure>
		<figure figNo="6-4-2" totalSheets="1">
			<title> Oil Cooler Support Strap</title>
			<sheet sheetNo="1" bilBoardno="G05597BA">faagtvf</sheet>
		</figure>
	</book>
</graphiclist>